PLAYER,PLAYER
Aaron Rai,Aaron Rai
Adam Long,Adam Long
Adam Schenk,Adam Schenk
Akshay Bhatia,Akshay Bhatia
Alex Noren,Alex Smalley
Alex Smalley,Alexander Noren
Andrew Landry,Andrew Landry
Andrew Novak,Andrew Novak
Andrew Putnam,Andrew Putnam
Augusto Núñez,Augusto Nunez
Austen Truslow,Austen Truslow
Austin Cook,Austin Cook
Austin Eckroat,Austin Eckroat
Austin Smotherman,Austin Smotherman
Beau Hossler,Beau Hossler
Ben Griffin,Ben Griffin
Ben Martin,Ben Martin
Ben Taylor,Ben Taylor
Brandon Matthews,Brandon Matthews
Brandon Wu,Brandon Wu
Brendon Todd,Brendon Todd
Brent Grant,Brent Grant
Brian Stuard,Brian Stuard
Brice Garnett,Brice Garnett
Byeong Hun An,Byeong-Hun An
Callum Tarren,Callum Tarren
Cam Davis,Cameron Champ
Cameron Champ,Cameron Davis
Carl Yuan,Carl Yuan
Carson Young,Carson Young
Chad Ramey,Chad Ramey
Chandler Phillips,Chandler Phillips
Charley Hoffman,Charley Hoffman
Chesson Hadley,Chesson Hadley
Chez Reavie,Chez Reavie
Chris Kirk,Chris Kirk
Christiaan Bezuidenhout,Christiaan Bezuidenhout
Cole Hammer,Cole Hammer
Corey Conners,Corey Conners
David Carey,David Carey
David Lingmerth,David Lingmerth
Davis Love III,Davis Love III
Davis Riley,Davis Riley
Doc Redman,Doc Redman
Doug Ghim,Doug Ghim
Dylan Frittelli,Dylan Frittelli
Dylan Wu,Emiliano Grillo
Emiliano Grillo,Eric Cole
Eric Cole,Erik Van Rooyen
Erik van Rooyen,Francesco Molinari
Francesco Molinari,Garrick Higgo
Garrick Higgo,Greyson Sigg
Greyson Sigg,Harrison Endycott
Hank Lebioda,Harry Hall
Harrison Endycott,Harry Higgs
Harry Hall,Hayden Buckley
Harry Higgs,Henrik Norlander
Hayden Buckley,Hideki Matsuyama
Henrik Norlander,J.B. Holmes
Hideki Matsuyama,J.J. Spaun
J.B. Holmes,JJ Wood
J.J. Spaun,James Hahn
JJ Wood,Jason Dufner
James Hahn,Jesse Mueller
Jason Dufner,Jim Herman
Jesse Mueller,Jimmy Walker
Jim Herman,Joseph Bramlett
Jimmy Walker,Justin Lower
Joseph Bramlett,Kazuki Higa
Justin Lower,Kelly Kraft
Kazuki Higa,Kevin Chappell
Kelly Kraft,Kevin Roy
Kevin Chappell,Kevin Streelman
Kevin Roy,Kevin Tway
Kevin Streelman,Kramer Hickok
Kevin Tway,Kyle Stanley
Kramer Hickok,Kyle Westmoreland
Kyle Stanley,Lanto Griffin
Kyle Westmoreland,Lee Hodges
Lanto Griffin,Lucas Glover
Lee Hodges,Luke Donald
Lucas Glover,Luke List
Luke Donald,MJ Daffue
Luke List,Mark Hubbard
MJ Daffue,Martin Laird
Mark Hubbard,Matt Kuchar
Martin Laird,Matt Wallace
Matt Kuchar,Matthew NeSmith
Matt Wallace,Matthias Schmid
Matthew NeSmith,Matthias Schwab
Matthias Schwab,Max McGreevy
Matti Schmid,Michael Gligic
Max McGreevy,Michael Kim
Michael Gligic,Michael Thompson
Michael Kim,Nate Lashley
Michael Thompson,Nick Hardy
Nate Lashley,Nick Taylor
Nick Hardy,Nick Watney
Nick Taylor,Nicolai Hojgaard
Nick Watney,Nicolas Echavarria
Nico Echavarria,Padraig Harrington
Nicolai Højgaard,Patrick Rodgers
Padraig Harrington,Patton Kizzire
Patrick Rodgers,Paul Haley
Patton Kizzire,Peter Kuest
Paul Haley II,Peter Lansburgh
Peter Kuest,Peter Malnati
Peter Lansburgh,Pierceson Coody
Peter Malnati,Richy Werenski
Pierceson Coody,Rickie Fowler
Richy Werenski,Ricky Barnes
Rickie Fowler,Robby Shelton
Ricky Barnes,Roberto Diaz
Robby Shelton,Russell Knox
Roberto Díaz,Ryan Armour
Russell Knox,Ryan Fox
Ryan Armour,Ryan Gerard
Ryan Fox,Ryan Moore
Ryan Gerard,Ryan Palmer
Ryan Moore,Sam Ryder
Ryan Palmer,Sam Stevens
Sam Ryder,Scott Harrington
Sam Stevens,Scott Piercy
Satoshi Kodaira,Seonghyeon Kim
Scott Harrington,Sepp Straka
Scott Piercy,Si Woo Kim
Seonghyeon Kim,Stewart Cink
Sepp Straka,Tano Goya
Si Woo Kim,Taylor Montgomery
Stewart Cink,Taylor Pendrith
Tano Goya,Thomas Detry
Taylor Montgomery,Trevor Cone
Taylor Pendrith,Trevor Werbylo
Thomas Detry,Trey Mullinax
Trevor Cone,Troy Merritt
Trevor Werbylo,Tyler Duncan
Trey Mullinax,Tyrrell Hatton
Troy Merritt,Vincent Norrman
Tyler Duncan,WITHDRAWN - Anders Albertson
Tyrrell Hatton,WITHDRAWN - Brian Gay
Vincent Norrman,WITHDRAWN - Davis Thompson
Will Gordon,WITHDRAWN - Keith Mitchell
Zac Blair,WITHDRAWN - Robert Streb
Zecheng Dou,WITHDRAWN - Stephan Jaeger
,Will Gordon
,Zac Blair
,Zecheng Dou
